untagged_resource,first_seen_time,untagged_spend,tagged_neighbor,neighbor_project,neighbor_cost_center
vol-822738,2025-11-13T17:50:46.029527,354.58,i-425848,,
vol-721400,2025-11-23T08:50:46.029527,288.64,i-421520,,
vol-543417,2025-12-02T23:50:46.029527,127.09,i-856142,,
vol-415007,2025-11-17T02:50:46.029527,318.15,i-843079,,
vol-852464,2025-11-17T02:50:46.029527,399.94,i-215985,,
vol-362896,2025-11-12T14:50:46.029527,30.72,i-677146,,
vol-233238,2025-11-26T01:50:46.029527,41.49,i-773878,,
vol-852296,2025-11-26T01:50:46.029527,278.73,i-227541,,
vol-852904,2025-12-05T18:50:46.029527,360.61,i-660629,,
vol-229785,2025-12-05T18:50:46.029527,404.83,i-915928,,
vol-844644,2025-11-11T18:50:46.029527,5.4,i-361097,,
vol-223063,2025-11-11T18:50:46.029527,97.35,i-983121,,
vol-338833,2025-11-11T18:50:46.029527,382.8,i-343194,,
vol-566317,2025-11-26T07:50:46.029527,496.54,i-480280,,
vol-299000,2025-11-24T23:50:46.029527,407.94,i-509693,,
vol-506599,2025-11-24T23:50:46.029527,486.42,i-484334,,
vol-927302,2025-11-28T23:50:46.029527,462.12,i-860828,,
vol-618329,2025-12-05T13:50:46.029527,190.06,i-681577,,
vol-173423,2025-11-22T00:50:46.029527,268.47,i-168566,,
vol-585657,2025-11-15T08:50:46.029527,351.39,i-142373,,
vol-944832,2025-11-11T23:50:46.029527,177.01,i-577430,,
vol-843528,2025-11-14T04:50:46.029527,363.36,i-907931,,
vol-715426,2025-11-14T04:50:46.029527,364.11,i-479105,,
vol-571583,2025-12-04T08:50:46.029527,5.42,i-110471,,
vol-784525,2025-11-16T17:50:46.029527,18.64,i-889248,,
vol-119131,2025-11-24T09:50:46.029527,232.96,i-610026,,
vol-826546,2025-11-16T20:50:46.029527,68.61,i-242600,,
vol-986943,2025-11-16T20:50:46.029527,237.59,i-314791,,
vol-242016,2025-11-25T23:50:46.029527,476.5,i-122708,,
vol-266980,2025-11-11T09:50:46.029527,444.57,i-905238,,
vol-782199,2025-11-11T09:50:46.029527,104.44,i-316627,,
vol-790827,2025-11-19T02:50:46.029527,263.91,i-846134,,
